ID;edad;sexo;estado.civil;nivel.estudios;peso;altura;fumador;diabetes;cancer.mama;cancer.prostata
137;37;Mujer;Casado;Bajo;59.5822110592422;150.716337719735;No;No;Si;NA
174;85;Mujer;Soltero;Alto;59.9542707209224;149.207507891254;No;Si;No;NA
200;29;Hombre;Casado;Bajo;79.2067418290788;168.97950166527;No;Si;Si;Si
23;13;Hombre;Divorciado;Alto;80.7834733376735;171.156820564883;Si;Si;NA;Si
39;49;Hombre;Divorciado;Bajo;80.7603638789939;170.568163850943;Si;Si;NA;No
90;12;Hombre;Casado;Alto;79.834258533587;170.856472692316;No;No;NA;Si
40;85;Hombre;Casado;Alto;80.6963581813033;168.558612335546;No;No;NA;Si
115;31;Mujer;Soltero;Alto;61.2898520876121;150.066730254531;Si;No;Si;NA
72;39;Mujer;Divorciado;Bajo;60.7087053507642;150.409121934152;Si;Si;Si;NA
27;70;Hombre;Soltero;Medio;78.8987431462671;167.830692160444;No;Si;NA;Si
19;24;Mujer;Divorciado;Alto;60.069838672519;149.532837576483;No;No;Si;NA
133;45;Hombre;Soltero;Medio;79.5726269661605;170.701262974362;Si;Si;NA;Si
15;42;Mujer;Soltero;Bajo;60.3938650552979;150.722585237977;Si;No;Si;NA
44;74;Mujer;Casado;Medio;60.3344905789705;148.213720267891;No;Si;Si;NA
179;16;Mujer;Divorciado;Medio;60.0123724008975;151.440674128648;Si;Si;Si;NA
148;6;Mujer;Soltero;Bajo;57.9304863791026;149.73061230519;No;No;Si;NA
192;31;Mujer;Casado;Bajo;57.9952734402418;148.332595777524;Si;Si;Si;NA
186;83;Mujer;Soltero;Bajo;60.4440056413635;150.367545342915;Si;Si;Si;NA
18;32;Hombre;Divorciado;Alto;79.3982474760675;168.984133716466;Si;No;NA;No
106;67;Hombre;Soltero;Medio;80.0733795514794;170.667866033447;No;Si;NA;Si
86;54;Mujer;Divorciado;Medio;60.0207865590357;150.117029241385;Si;Si;No;NA
55;18;Hombre;Soltero;Bajo;78.3057428985713;170.964207987944;No;Si;NA;Si
20;84;Hombre;Casado;Bajo;80.3539108062688;168.266719139412;Si;Si;NA;No
102;40;Mujer;Soltero;Bajo;60.3493518212924;150.394911698953;Si;No;No;NA
140;6;Hombre;Divorciado;Bajo;79.4718115809464;170.095328498522;Si;No;NA;Si
112;63;Mujer;Soltero;Medio;60.0586520038352;150.274690456193;No;Si;No;NA
183;79;Hombre;Soltero;Alto;79.6962684848103;169.447974181371;Si;Si;NA;Si
120;27;Mujer;Divorciado;Alto;58.6014362260563;150.24122868244;No;Si;Si;NA
117;34;Hombre;Soltero;Alto;80.7692674222947;168.878662250769;No;No;NA;Si
130;53;Hombre;Divorciado;Alto;79.0548505202262;170.169036095885;Si;No;NA;Si
144;23;Mujer;Divorciado;Alto;59.16447717912;149.930397931751;No;No;Si;NA
41;66;Hombre;Casado;Medio;79.3536134018841;170.478409619152;Si;No;NA;No
193;29;Mujer;Casado;Alto;58.4230508506749;149.150134510895;Si;No;Si;NA
12;54;Hombre;Soltero;Medio;78.6126515320139;169.094965295235;Si;Si;NA;Si
108;32;Mujer;Casado;Bajo;60.5636313055526;150.066138103736;No;Si;Si;NA
17;7;Mujer;Soltero;Bajo;58.6592482538051;148.732285946485;Si;Si;Si;NA
157;42;Hombre;Soltero;Bajo;79.9042524904231;169.820152921795;No;Si;NA;Si
122;68;Mujer;Casado;Alto;61.0628653748231;149.031775713305;No;No;Si;NA
25;15;Hombre;Soltero;Alto;81.4274258139736;169.815000951784;No;Si;NA;Si
50;6;Hombre;Casado;Bajo;80.6834963661818;168.386623229265;Si;No;NA;Si
146;38;Mujer;Soltero;Bajo;58.741149093757;150.043097012192;No;Si;Si;NA
29;28;Hombre;Casado;Medio;80.6040757112492;170.833040188961;Si;No;NA;Si
187;27;Mujer;Soltero;Alto;60.2817456917703;149.277449562367;No;No;Si;NA
64;7;Mujer;Divorciado;Bajo;60.6700015112226;151.504040585898;No;No;Si;NA
185;9;Hombre;Divorciado;Alto;82.134082034773;169.424390845959;No;Si;NA;Si
31;85;Mujer;Divorciado;Medio;59.5480977168694;150.305924266325;No;No;Si;NA
21;24;Hombre;Casado;Alto;79.0635725183162;170.356924375656;Si;No;NA;Si
78;57;Mujer;Soltero;Medio;58.9386555200712;149.99117049473;No;Si;Si;NA
11;30;Hombre;Divorciado;Alto;81.7369910424274;169.157061574639;Si;Si;NA;Si
87;84;Hombre;Soltero;Alto;80.2016941290656;170.226718492531;Si;Si;NA;Si
116;64;Hombre;Divorciado;Medio;80.7177498232981;167.692918126765;No;No;NA;Si
47;81;Mujer;Casado;Bajo;61.2106057535462;149.088469019038;No;Si;Si;NA
8;38;Hombre;Casado;Alto;80.2177224898413;170.239177482242;Si;Si;NA;Si
94;73;Hombre;Divorciado;Alto;79.4741489448874;168.274789847922;No;Si;NA;Si
92;54;Mujer;Casado;Bajo;59.5015323225455;150.732519756616;No;No;Si;NA
173;19;Hombre;Soltero;Alto;79.174496240826;170.050037534842;Si;No;NA;Si
175;77;Hombre;Soltero;Medio;79.0594611938291;169.37754538691;Si;Si;NA;Si
79;29;Mujer;Soltero;Bajo;59.2491580142689;149.832589561827;No;Si;Si;NA
5;81;Hombre;Soltero;Alto;80.115933334379;168.122416385664;No;No;NA;Si
36;20;Hombre;Casado;Alto;80.1115272887058;168.887688638942;Si;Si;NA;Si
110;41;Mujer;Casado;Medio;60.356934644416;148.618332059265;No;Si;No;NA
196;44;Hombre;Casado;Alto;79.4345422752937;168.347432012887;Si;No;NA;No
14;83;Mujer;Divorciado;Alto;60.7154248219497;150.489017948553;Si;Si;No;NA
71;69;Mujer;Casado;Bajo;61.6595106177547;150.324098444971;Si;No;Si;NA
30;49;Hombre;Soltero;Bajo;81.5015503252231;170.034396548145;No;No;NA;Si
69;57;Hombre;Divorciado;Bajo;81.0921106025972;170.935824720683;Si;No;NA;No
124;58;Mujer;Divorciado;Bajo;59.0267590107744;150.640768868222;Si;Si;No;NA
139;27;Mujer;Soltero;Bajo;59.5446445057866;150.963828952139;No;No;Si;NA
54;21;Hombre;Divorciado;Alto;79.5485580256833;169.032131571528;No;No;NA;Si
172;48;Mujer;Divorciado;Bajo;62.3098849491723;151.093305892886;Si;No;Si;NA
95;60;Hombre;Divorciado;Medio;79.7847828042359;170.889891163297;Si;Si;NA;Si
103;67;Mujer;Soltero;Alto;59.0379106087987;149.28813597256;No;No;Si;NA
10;6;Mujer;Divorciado;Bajo;60.3960765460443;150.22100401698;No;No;Si;NA
88;24;Hombre;Casado;Bajo;79.808730734989;170.35364755142;No;Si;NA;Si
76;85;Mujer;Divorciado;Alto;59.8565564842605;150.564413394332;No;Si;Si;NA
99;38;Hombre;Divorciado;Bajo;77.79325020496;170.441288570431;No;No;NA;No
149;45;Mujer;Soltero;Bajo;59.4557760377485;151.892537358952;Si;No;Si;NA
22;64;Mujer;Divorciado;Bajo;61.8733062122461;148.137501000579;No;No;Si;NA
125;8;Mujer;Divorciado;Bajo;58.7245244121878;150.89968721106;No;No;Si;NA
83;38;Hombre;Casado;Bajo;80.9767450792634;169.634012987598;No;Si;NA;Si
176;54;Mujer;Divorciado;Bajo;59.820097095154;150.592493217836;No;No;No;NA
105;57;Hombre;Divorciado;Bajo;82.2808057440681;170.016586046103;No;Si;NA;Si
74;34;Mujer;Soltero;Bajo;60.287399246261;151.811024331496;Si;Si;No;NA
128;43;Mujer;Casado;Alto;58.652281829383;149.741958094057;No;Si;Si;NA
114;60;Mujer;Divorciado;Medio;60.5034484594292;148.883008526863;Si;Si;No;NA
91;65;Mujer;Soltero;Alto;58.8776805819088;149.62750508087;No;No;Si;NA
49;58;Mujer;Soltero;Alto;59.0120389714163;149.659004251861;No;Si;Si;NA
100;69;Mujer;Divorciado;Bajo;60.8718513472312;151.299169819287;No;No;Si;NA
156;67;Hombre;Divorciado;Alto;78.8793806850628;168.525272386168;Si;Si;NA;No
195;55;Mujer;Divorciado;Medio;57.584161281864;151.11691838751;No;No;No;NA
184;72;Mujer;Soltero;Alto;58.9633732304936;150.9964074244;Si;Si;No;NA
198;53;Mujer;Soltero;Bajo;61.242364498038;150.813831378193;Si;No;Si;NA
177;64;Hombre;Divorciado;Bajo;77.2005925257913;168.838880447556;No;No;NA;Si
26;29;Hombre;Casado;Alto;80.6636463212213;170.872291061093;No;No;NA;Si
96;32;Hombre;Casado;Bajo;79.8547812586412;170.413073313772;No;No;NA;Si
189;9;Mujer;Divorciado;Alto;59.9971582742794;149.473445671955;Si;No;No;NA
178;27;Hombre;Soltero;Bajo;80.1934353167848;171.570765803085;Si;No;NA;No
154;64;Hombre;Divorciado;Alto;77.8197610526061;170.417155145055;No;Si;NA;Si
66;16;Hombre;Casado;Medio;79.2597662475511;171.546780770841;Si;Si;NA;Si
162;51;Mujer;Soltero;Alto;61.2887753209456;148.664796198432;Si;No;Si;NA
121;38;Mujer;Casado;Bajo;58.9479969740572;149.019662996773;Si;Si;Si;NA
38;1;Hombre;Casado;Medio;79.0738473821823;170.50167348077;Si;No;NA;No
109;9;Hombre;Divorciado;Alto;78.3186545059715;170.229812801713;No;No;NA;No
171;57;Hombre;Divorciado;Bajo;80.0790373718732;168.622250576955;No;Si;NA;No
155;31;Hombre;Soltero;Alto;81.3514950097934;171.457786333551;No;No;NA;Si
24;39;Mujer;Divorciado;Medio;61.6846231065901;150.550237445767;No;Si;Si;NA
48;42;Hombre;Soltero;Bajo;79.8728129935414;168.860799672924;No;Si;NA;Si
132;66;Mujer;Divorciado;Bajo;59.8711381405953;150.116511740761;No;No;Si;NA
153;68;Hombre;Divorciado;Medio;81.2875317182337;169.99507857265;No;Si;NA;No
138;6;Hombre;Soltero;Bajo;79.9802274201719;168.483002681687;Si;Si;NA;Si
147;31;Mujer;Casado;Alto;58.9871350504416;150.067779001996;Si;No;Si;NA
163;42;Mujer;Divorciado;Medio;58.6217657620597;149.019742979496;No;Si;Si;NA
151;18;Hombre;Casado;Alto;79.939492002714;168.397900792352;Si;Si;NA;No
58;72;Mujer;Divorciado;Bajo;60.7006012182782;149.834230174477;No;No;Si;NA
166;29;Mujer;Soltero;Bajo;59.9568987043178;151.306390189622;Si;Si;Si;NA
160;59;Hombre;Divorciado;Bajo;79.3305236848995;169.480955684126;No;No;NA;Si
80;10;Hombre;Casado;Medio;79.3857943945992;172.874167728557;Si;Si;NA;No
3;4;Hombre;Soltero;Alto;80.1324236787453;168.74048882556;No;Si;NA;Si
67;75;Mujer;Soltero;Bajo;57.302062193517;149.783847672786;No;Si;Si;NA
45;48;Hombre;Soltero;Alto;79.851343532361;172.021477196387;No;No;NA;Si
7;14;Hombre;Divorciado;Alto;80.3913072208666;168.598764918107;No;Si;NA;Si
60;63;Mujer;Soltero;Alto;61.1727877973651;148.4496994834;No;No;No;NA
62;14;Hombre;Divorciado;Bajo;80.1818311446381;169.719970469201;Si;No;NA;No
194;3;Mujer;Divorciado;Medio;60.6368548274675;148.658057856918;Si;No;Si;NA
197;85;Mujer;Casado;Medio;59.3705341118187;149.645013454412;Si;No;Si;NA
82;28;Hombre;Casado;Bajo;80.0739756916591;169.364064488841;No;Si;NA;Si
161;54;Hombre;Divorciado;Alto;80.545683476319;169.337549998487;Si;Si;NA;Si
150;75;Hombre;Soltero;Medio;79.8672956119152;169.798977095605;No;Si;NA;Si
16;21;Mujer;Soltero;Medio;60.7018140622216;149.440916052396;Si;Si;No;NA
165;5;Hombre;Divorciado;Alto;80.5425564696514;170.347074397347;Si;Si;NA;Si
190;70;Hombre;Divorciado;Medio;79.5129865702071;169.669008610756;No;No;NA;Si
13;15;Hombre;Soltero;Alto;80.302304002933;168.529256051839;No;No;NA;No
34;5;Hombre;Casado;Alto;81.6051157855399;169.891890141159;Si;No;NA;Si
32;30;Mujer;Soltero;Bajo;60.3755118394728;150.278108566183;No;Si;No;NA
98;66;Hombre;Casado;Alto;80.2229723764873;170.810962315824;Si;Si;NA;Si
70;45;Hombre;Casado;Bajo;79.2946904189655;167.993052895481;Si;No;NA;Si
104;6;Mujer;Divorciado;Medio;56.5602498606614;148.957982200105;No;Si;Si;NA
4;9;Mujer;Soltero;Alto;61.1736319984672;150.208387882565;Si;No;Si;NA
46;52;Hombre;Casado;Alto;80.8206353190724;170.170547644552;No;No;NA;Si
101;47;Hombre;Divorciado;Bajo;79.0221306933891;169.181216262202;No;No;NA;Si
164;43;Mujer;Divorciado;Alto;61.6592239562868;148.735813196446;No;No;Si;NA
84;83;Hombre;Casado;Medio;80.9449042838007;169.656981432665;Si;No;NA;Si
93;46;Mujer;Soltero;Bajo;57.8848996198096;148.932209963572;Si;No;Si;NA
77;60;Hombre;Casado;Bajo;80.3539990508583;169.062685713744;Si;No;NA;Si
118;50;Mujer;Divorciado;Bajo;60.8637307192942;150.140218287354;Si;Si;No;NA
170;47;Mujer;Casado;Medio;60.3450551845707;148.552025527091;No;Si;Si;NA
188;3;Mujer;Divorciado;Alto;60.4038973364642;150.173604783079;No;Si;Si;NA
199;7;Hombre;Soltero;Bajo;81.3234454324361;169.933945768907;Si;No;NA;Si
53;20;Mujer;Soltero;Bajo;58.5127193573706;150.934502756645;No;No;No;NA
75;27;Hombre;Soltero;Alto;80.3646889316029;170.156548925306;Si;No;NA;No
33;35;Mujer;Casado;Alto;60.3777798577264;151.147639633019;No;No;Si;NA
158;5;Mujer;Soltero;Bajo;59.8944054597026;151.048476638346;Si;No;Si;NA
159;83;Hombre;Divorciado;Medio;79.9693100045552;169.481599288914;No;No;NA;Si
9;82;Mujer;Soltero;Medio;60.6704688505607;150.105684485333;No;No;Si;NA
181;29;Hombre;Divorciado;Bajo;79.7934888903927;169.745570556716;Si;Si;NA;No
107;52;Mujer;Casado;Medio;59.7574883100392;151.868731477909;Si;No;Si;NA
126;16;Hombre;Divorciado;Alto;81.0558817514093;169.289433408345;No;No;NA;Si
97;32;Hombre;Divorciado;Bajo;81.929572239642;171.134068909828;No;No;NA;No
89;26;Hombre;Soltero;Alto;79.1902845827182;168.672353655999;No;No;NA;Si
167;17;Hombre;Casado;Bajo;79.3559092792879;169.425803935354;No;No;NA;Si
129;82;Mujer;Soltero;Bajo;60.2438281451352;149.935881996396;No;Si;Si;NA
6;66;Mujer;Casado;Alto;58.9196675174686;150.484823237899;No;Si;No;NA
63;83;Mujer;Divorciado;Medio;59.9502131029746;148.841753829447;Si;No;Si;NA
56;50;Hombre;Divorciado;Alto;79.7804370880995;168.766593390077;Si;No;NA;Si
136;12;Hombre;Casado;Bajo;79.8506830574545;169.276221460747;Si;Si;NA;Si
59;37;Mujer;Divorciado;Alto;59.4526462254536;148.343589567804;No;No;Si;NA
1;21;Hombre;Soltero;Alto;80.2350139682584;171.013755035844;No;No;NA;Si
2;13;Mujer;Soltero;Alto;61.925192310737;150.304590473592;Si;No;Si;NA
65;50;Mujer;Soltero;Bajo;60.9930654394843;149.039865254088;No;Si;Si;NA
51;52;Mujer;Soltero;Medio;59.1184179136283;149.345296565717;No;Si;No;NA
180;5;Mujer;Divorciado;Alto;59.2838073585714;148.569623321854;Si;No;No;NA
28;77;Hombre;Soltero;Medio;80.601200525668;170.849051396321;Si;No;NA;Si
127;76;Hombre;Soltero;Alto;81.5528678542183;170.505586865441;Si;Si;NA;Si
182;78;Mujer;Soltero;Medio;60.2817098709262;149.213877758462;Si;Si;Si;NA
141;1;Hombre;Divorciado;Bajo;77.6230530743827;169.49285738005;Si;No;NA;Si
61;51;Hombre;Divorciado;Bajo;79.3899978631393;169.423296983937;No;Si;NA;No
73;60;Hombre;Casado;Bajo;80.5298951932115;170.748653297885;Si;Si;NA;Si
35;57;Mujer;Soltero;Bajo;59.8820141054685;148.303574686767;No;No;Si;NA
134;36;Mujer;Soltero;Alto;59.4666041940327;149.452025206441;No;No;Si;NA
152;73;Mujer;Divorciado;Medio;60.9419918406077;150.106558604788;Si;Si;No;NA
37;6;Mujer;Soltero;Alto;58.7895365951517;150.548476421803;No;Si;No;NA
111;67;Mujer;Divorciado;Medio;60.8304988400161;151.177923633096;Si;No;Si;NA
81;4;Mujer;Casado;Medio;58.9767631924708;147.826434763468;No;No;Si;NA
113;28;Mujer;Soltero;Alto;60.5933388632292;150.992962561096;Si;Si;No;NA
142;42;Mujer;Soltero;Medio;59.8451524991238;151.128623638211;Si;No;No;NA
191;10;Hombre;Divorciado;Alto;80.7906754036261;171.734752173693;Si;No;NA;Si
68;56;Hombre;Soltero;Alto;79.2748774102608;171.166125448365;No;No;NA;Si
168;16;Mujer;Soltero;Bajo;59.1755018404464;149.161991638272;Si;Si;No;NA
85;7;Hombre;Divorciado;Medio;80.2636843596541;170.867795215588;No;No;NA;Si
131;19;Hombre;Divorciado;Medio;80.2483278680911;169.432344718557;No;No;NA;No
52;77;Mujer;Casado;Medio;59.5705644273664;149.451637126455;No;No;Si;NA
135;23;Mujer;Soltero;Alto;60.8694330519188;148.500682404734;Si;No;Si;NA
123;63;Hombre;Casado;Alto;80.5144648575424;170.145895905136;Si;No;NA;Si
43;39;Hombre;Soltero;Medio;80.5397014269229;168.712789278954;No;No;NA;No
119;15;Hombre;Divorciado;Alto;78.8747163049061;169.196720401699;No;No;NA;Si
42;72;Mujer;Divorciado;Bajo;60.3175151009172;149.289648319715;No;No;Si;NA
145;50;Hombre;Divorciado;Medio;78.7505405618608;169.539593342961;No;Si;NA;Si
57;41;Hombre;Soltero;Medio;79.4507658779305;168.415678238227;No;No;NA;No
169;44;Mujer;Soltero;Bajo;59.6917124030632;149.011317459324;Si;No;No;NA
143;54;Mujer;Divorciado;Medio;61.023731667485;150.879653933538;Si;Si;Si;NA
